"Id";"Designator";"Package";"Quantity";"Designation";"Supplier and ref";
1;"SW1";"SW_DIP_SPSTx01_Slide_6.7x4.1mm_W8.61mm_P2.54mm_LowProfile";1;"SW_Push_Dual";;;
2;"R58,R38,R37,R36,R35,R34,R33,R32,R31,R30,R29,R28,R27,R26,R25,R24,R23,R22,R21,R20,R19,R18,R17,R16,R15";"R_0402_1005Metric";25;"1k";;;
3;"J5,J1";"BNC_Amphenol_B6252HB-NPP3G-50_Horizontal";2;"Conn_Coaxial";;;
4;"C26,C25,C24,C23,C14,C12";"C_0805_2012Metric";6;"22u";;;
5;"J8";"PinHeader_1x04_P2.54mm_Vertical";1;"Conn_01x04_Male";;;
6;"U4,U5";"SOIC-16_3.9x9.9mm_P1.27mm";2;"4040";;;
7;"C17,C35,C34,C33,C32,C31,C13,C11,C9,C8,C7,C6,C5";"C_0402_1005Metric";13;"100n";;;
8;"C16,C15";"C_0603_1608Metric";2;"4u7";;;
9;"U9,U3";"SOT-23-5";2;"MAX999";;;
10;"U8,U2";"SOIC-8_3.9x4.9mm_P1.27mm";2;"LM358";;;
11;"U7,U1";"SOIC-8_3.9x4.9mm_P1.27mm";2;"LM7171xIM";;;
12;"RV2,RV1";"Potentiometer_Bourns_3296W_Vertical";2;"10k";;;
13;"R57,R55,R54,R45,R44,R39,R14,R12,R11,R2,R1";"R_0402_1005Metric";11;"100R";;;
14;"R56,R13";"R_0402_1005Metric";2;"200k";;;
15;"R53,R51,R50,R10,R8,R7";"R_0402_1005Metric";6;"10k";;;
16;"R52,R48,R46,R9,R5,R3";"R_0402_1005Metric";6;"22R";;;
17;"R49,R6";"R_0402_1005Metric";2;"200R";;;
18;"R47,R4";"R_0402_1005Metric";2;"0R";;;
19;"J7,J3";"PinHeader_1x03_P2.54mm_Vertical";2;"Conn_01x03_Male";;;
20;"J6,J2";"SolderJumper-3_P1.3mm_Bridged12_Pad1.0x1.5mm";2;"Conn_01x03_Male";;;
21;"D32,D31,D30,D3,D2,D1";"SOT-23";6;"BAS40-04";;;
22;"C36,C30,C29,C10,C4,C3";"C_0603_1608Metric";6;"2u2";;;
23;"C28,C27,C18,C2,C1";"C_0402_1005Metric";5;"10n";;;
24;"L5,L4,L1";"L_1210_3225Metric";3;"220n";;;
25;"L3,L2";"L_1210_3225Metric";2;"4u7";;;
26;"D29,D28";"D_Powermite_AK";2;"MBRM120LT1G";;;
27;"D27,D26,D25,D24,D23,D22,D21,D20,D19,D18,D17,D16,D15,D14,D13,D12,D11,D10,D9,D8,D7,D6,D5,D4";"LED_0603_1608Metric";24;"LED";;;
28;"J4";"PinHeader_2x06_P2.54mm_Horizontal";1;"Conn_02x06_Odd_Even";;;
29;"R43";"R_0402_1005Metric";1;"975k";;;
30;"R42";"R_0402_1005Metric";1;"85k8";;;
31;"R41";"R_0402_1005Metric";1;"1M3";;;
32;"R40";"R_0402_1005Metric";1;"104k8";;;
33;"C22";"C_0402_1005Metric";1;"220n";;;
34;"C21";"C_0402_1005Metric";1;"6p8";;;
35;"C20";"C_0402_1005Metric";1;"4n7";;;
36;"C19";"C_0402_1005Metric";1;"7p5";;;
37;"U6";"VQFN-24-1EP_4x4mm_P0.5mm_EP2.45x2.45mm_ThermalVias";1;"TPS65130RGE";;;
